dt_opened,customer_no,upload_dt,enquiry_dt,enq_purpose,enq_amt
18-Apr-15,1,21-Apr-15,19-Dec-14,2,3500000
18-Apr-15,1,21-Apr-15,05-Mar-14,5,500000
18-Apr-15,1,21-Apr-15,05-Mar-14,0,50000
18-Apr-15,1,21-Apr-15,22-Feb-14,10,50000
18-Apr-15,1,21-Apr-15,11-Jun-13,10,1000
18-Apr-15,1,21-Apr-15,08-Feb-13,10,1000
18-Apr-15,1,21-Apr-15,30-Nov-12,10,1000
18-Apr-15,1,21-Apr-15,30-May-12,10,1000
18-Apr-15,1,21-Apr-15,24-May-11,10,1000
18-Apr-15,1,21-Apr-15,10-Nov-10,10,150
18-Apr-15,1,21-Apr-15,15-Apr-10,10,50000
18-Apr-15,1,21-Apr-15,29-Apr-09,10,100000
18-Apr-15,1,21-Apr-15,28-Feb-09,10,300000
18-Apr-15,1,21-Apr-15,17-Dec-08,0,50000
18-Apr-15,1,21-Apr-15,08-Dec-08,10,50000
18-Apr-15,1,21-Apr-15,06-Dec-08,10,1000
18-Apr-15,1,21-Apr-15,25-Jul-08,10,25000
18-Apr-15,1,21-Apr-15,27-May-08,10,300000
21-Apr-15,2,23-Apr-15,11-Feb-15,0,200000000
21-Apr-15,2,23-Apr-15,05-Feb-15,40,10000
21-Apr-15,2,23-Apr-15,19-Jan-15,0,1000
21-Apr-15,2,23-Apr-15,22-Dec-14,51,100000000
21-Apr-15,2,23-Apr-15,11-Dec-14,0,1
21-Apr-15,2,23-Apr-15,10-Nov-14,51,1000000
21-Apr-15,2,23-Apr-15,12-Sep-14,51,10000
21-Apr-15,2,23-Apr-15,03-Sep-14,40,500000000
21-Apr-15,2,23-Apr-15,01-Sep-14,51,10000000
21-Apr-15,2,23-Apr-15,23-Aug-14,0,1
21-Apr-15,2,23-Apr-15,14-Aug-14,0,100000
21-Apr-15,2,23-Apr-15,13-Aug-14,54,200000000
21-Apr-15,2,23-Apr-15,11-Aug-14,51,100000
21-Apr-15,2,23-Apr-15,09-Aug-14,51,250000000
21-Apr-15,2,23-Apr-15,05-Aug-14,10,10000
21-Apr-15,2,23-Apr-15,17-Jul-14,0,1
21-Apr-15,2,23-Apr-15,06-Jun-14,0,1
21-Apr-15,2,23-Apr-15,28-May-14,51,1000000
21-Apr-15,2,23-Apr-15,21-May-14,53,150000000
21-Apr-15,2,23-Apr-15,22-Mar-14,53,10000
21-Apr-15,2,23-Apr-15,19-Mar-14,51,110000000
21-Apr-15,2,23-Apr-15,12-Mar-14,0,100000000
21-Apr-15,2,23-Apr-15,04-Mar-14,51,750000000
21-Apr-15,2,23-Apr-15,23-Jan-14,0,125000000
21-Apr-15,2,23-Apr-15,22-Jan-14,0,10000000
21-Apr-15,2,23-Apr-15,02-Jan-14,51,200000000
21-Apr-15,2,23-Apr-15,09-Dec-13,51,10000
21-Apr-15,2,23-Apr-15,27-Nov-13,51,500000000
21-Apr-15,2,23-Apr-15,28-Oct-13,0,1
21-Apr-15,2,23-Apr-15,25-Sep-13,12,500000000
21-Apr-15,2,23-Apr-15,19-Sep-13,51,1000000
21-Apr-15,2,23-Apr-15,18-Sep-13,54,500000000
21-Apr-15,2,23-Apr-15,03-Sep-13,5,500000
21-Apr-15,2,23-Apr-15,27-Aug-13,51,500000
21-Apr-15,2,23-Apr-15,19-Aug-13,51,100000000
21-Apr-15,2,23-Apr-15,13-Aug-13,54,300000000
21-Apr-15,2,23-Apr-15,06-Aug-13,0,100000
21-Apr-15,2,23-Apr-15,30-Jul-13,54,100000000
21-Apr-15,2,23-Apr-15,18-Jun-13,53,150000000
21-Apr-15,2,23-Apr-15,30-Apr-13,51,50000000
21-Apr-15,2,23-Apr-15,09-Feb-13,0,1
21-Apr-15,2,23-Apr-15,05-Feb-13,51,95000000
21-Apr-15,2,23-Apr-15,17-Jan-13,0,10000000
21-Apr-15,2,23-Apr-15,02-Jan-13,51,750000000
21-Apr-15,2,23-Apr-15,02-Jan-13,3,100000
21-Apr-15,2,23-Apr-15,04-Dec-12,0,60000
21-Apr-15,2,23-Apr-15,11-Oct-12,51,7000000
21-Apr-15,2,23-Apr-15,17-Sep-12,53,100000
21-Apr-15,2,23-Apr-15,14-Sep-12,54,20000000
21-Apr-15,2,23-Apr-15,17-Aug-12,51,100000000
21-Apr-15,2,23-Apr-15,09-Aug-12,0,250000000
21-Apr-15,2,23-Apr-15,19-Jul-12,53,1000000
21-Apr-15,2,23-Apr-15,06-Jul-12,0,100000
21-Apr-15,2,23-Apr-15,30-Mar-12,12,50000000
21-Apr-15,2,23-Apr-15,19-Mar-12,51,150000000
21-Apr-15,2,23-Apr-15,07-Dec-11,51,250000000
21-Apr-15,2,23-Apr-15,08-Nov-11,54,2500000
21-Apr-15,2,23-Apr-15,29-Jul-11,54,70000000
21-Apr-15,2,23-Apr-15,17-Feb-11,0,60000
21-Apr-15,2,23-Apr-15,13-Nov-10,54,10000000
21-Apr-15,2,23-Apr-15,01-Sep-10,0,100000
21-Apr-15,2,23-Apr-15,19-Feb-10,3,1000000
21-Apr-15,2,23-Apr-15,14-Dec-09,0,60000
21-Apr-15,2,23-Apr-15,20-Nov-09,0,100000
21-Apr-15,2,23-Apr-15,31-Jul-09,10,1000
21-Apr-15,2,23-Apr-15,04-Dec-06,10,50000
21-Apr-15,2,23-Apr-15,04-Dec-06,10,50000
21-Apr-15,2,23-Apr-15,01-Dec-06,10,50000
22-Apr-15,3,23-Apr-15,08-Feb-14,1,3400000
25-Apr-15,4,23-Apr-15,03-Mar-14,1,1800000
25-Apr-15,4,23-Apr-15,15-Mar-13,52,1500000
25-Apr-15,4,23-Apr-15,08-Mar-13,5,3000000
25-Apr-15,4,23-Apr-15,06-Mar-13,5,1500000
25-Apr-15,4,23-Apr-15,27-Feb-13,5,2500000
25-Apr-15,4,23-Apr-15,25-Feb-13,51,4000000
25-Apr-15,4,23-Apr-15,01-Nov-11,51,1500000
25-Apr-15,4,23-Apr-15,13-Sep-11,0,200000
25-Apr-15,4,23-Apr-15,08-Sep-11,5,1000000
25-Apr-15,4,23-Apr-15,05-Sep-11,51,200000
25-Apr-15,4,23-Apr-15,24-Aug-11,0,1000000
25-Apr-15,4,23-Apr-15,11-Jun-10,51,1500000
25-Apr-15,4,23-Apr-15,25-May-10,0,3500000
25-Apr-15,4,23-Apr-15,24-May-10,51,1500000
25-Apr-15,4,23-Apr-15,26-May-09,51,2500000
25-Apr-15,4,23-Apr-15,24-Mar-09,5,200000
25-Apr-15,4,23-Apr-15,04-Mar-09,5,100000
25-Apr-15,4,23-Apr-15,27-Jan-09,5,200000
25-Apr-15,4,23-Apr-15,19-Jan-09,5,1000000
25-Apr-15,4,23-Apr-15,13-Jan-09,51,3000000
25-Apr-15,4,23-Apr-15,07-Jan-09,51,20000
25-Apr-15,4,23-Apr-15,24-Dec-08,5,200000
25-Apr-15,4,23-Apr-15,26-Aug-08,51,2000000
25-Apr-15,4,23-Apr-15,11-Aug-08,51,3000000
25-Apr-15,4,23-Apr-15,25-Jul-08,5,3500000
25-Apr-15,4,23-Apr-15,08-Jul-08,51,2500000
25-Apr-15,4,23-Apr-15,08-Jul-08,5,2000000
25-Apr-15,4,23-Apr-15,07-Jul-08,51,3000000
25-Apr-15,4,23-Apr-15,21-Jun-08,51,1000000
25-Apr-15,4,23-Apr-15,21-Jun-08,51,1000000
25-Apr-15,4,23-Apr-15,17-Oct-07,1,330000
25-Apr-15,4,23-Apr-15,13-Oct-07,1,360000
25-Apr-15,4,23-Apr-15,24-Aug-07,5,100000
25-Apr-15,4,23-Apr-15,14-Jul-07,5,100000
06-May-15,5,05-May-15,28-Mar-12,10,1000
06-May-15,5,05-May-15,01-Apr-10,10,1000
12-May-15,6,07-May-15,25-Oct-14,2,22500000
12-May-15,6,07-May-15,18-Sep-14,0,60000
12-May-15,6,07-May-15,03-Jul-14,10,15000
12-May-15,6,07-May-15,22-Jun-13,8,8000000
12-May-15,6,07-May-15,05-Feb-13,2,27700000
12-May-15,6,07-May-15,30-Jan-13,2,27700000
12-May-15,6,07-May-15,05-Dec-12,8,800000
12-May-15,6,07-May-15,08-Nov-12,2,26100000
12-May-15,6,07-May-15,06-Nov-12,4,1
12-May-15,6,07-May-15,12-Aug-11,2,3500000
12-May-15,6,07-May-15,23-Aug-10,10,15000
12-May-15,6,07-May-15,05-May-10,1,557000
12-May-15,6,07-May-15,24-Apr-10,1,557000
12-May-15,6,07-May-15,14-Jan-10,10,100000
12-May-15,6,07-May-15,15-Dec-09,5,2000000
12-May-15,6,07-May-15,14-Dec-09,2,1860000
12-May-15,6,07-May-15,07-Dec-09,2,1920000
12-May-15,6,07-May-15,19-Nov-09,2,1920000
12-May-15,6,07-May-15,07-Nov-09,0,60000
12-May-15,6,07-May-15,22-Apr-09,10,100000
12-May-15,6,07-May-15,02-Feb-09,10,50000
12-May-15,6,07-May-15,29-Oct-08,0,60000
12-May-15,6,07-May-15,24-Oct-08,10,100000
12-May-15,6,07-May-15,19-Apr-07,5,1500000
12-May-15,6,07-May-15,08-Jan-07,2,5000000
12-May-15,6,07-May-15,28-Dec-05,5,850000
12-May-15,6,07-May-15,27-Dec-05,2,2600000
22-May-15,7,07-May-15,20-Jun-06,10,50000
22-May-15,8,18-May-15,13-Feb-15,0,20000000
22-May-15,8,18-May-15,10-Feb-15,0,20000000
22-May-15,8,18-May-15,29-Jan-15,3,17500000
22-May-15,8,18-May-15,15-Dec-14,1,5500000
22-May-15,8,18-May-15,10-Nov-14,1,5500000
22-May-15,8,18-May-15,10-Jul-14,1,50000
22-May-15,8,18-May-15,17-Feb-14,0,10000000
22-May-15,8,18-May-15,17-Oct-13,1,50000
22-May-15,8,18-May-15,13-Jul-13,1,50000
22-May-15,8,18-May-15,12-Jul-13,1,50000
22-May-15,8,18-May-15,09-Jul-12,1,50000000
22-May-15,8,18-May-15,13-Jun-11,1,500000
22-May-15,8,18-May-15,11-Aug-10,51,50000000
22-May-15,8,18-May-15,31-Mar-07,10,100
22-May-15,8,18-May-15,19-Feb-07,0,50000
22-May-15,8,18-May-15,19-Feb-07,0,50000
22-May-15,8,18-May-15,09-Dec-06,10,100
28-May-15,9,18-May-15,13-Feb-15,0,20000000
28-May-15,9,18-May-15,10-Feb-15,0,20000000
28-May-15,9,18-May-15,29-Jan-15,3,17500000
28-May-15,9,18-May-15,15-Dec-14,1,5500000
28-May-15,9,18-May-15,10-Nov-14,1,5500000
28-May-15,9,18-May-15,10-Jul-14,1,50000
28-May-15,9,18-May-15,19-Mar-14,0,60000
28-May-15,9,18-May-15,17-Feb-14,0,10000000
28-May-15,9,18-May-15,17-Oct-13,1,50000
28-May-15,9,18-May-15,13-Jul-13,1,50000
28-May-15,9,18-May-15,12-Jul-13,1,50000
28-May-15,9,18-May-15,09-Jul-12,1,50000000
28-May-15,9,18-May-15,13-Jun-11,1,500000
28-May-15,9,18-May-15,28-May-11,0,60000
28-May-15,9,18-May-15,19-May-11,0,60000
28-May-15,9,18-May-15,13-May-10,2,15000000
28-May-15,9,18-May-15,01-Apr-10,2,15000000
28-May-15,9,18-May-15,01-Apr-10,2,15000000
28-May-15,9,18-May-15,05-Nov-09,10,50000
30-May-15,10,28-May-15,10-Mar-15,0,2000000
30-May-15,10,28-May-15,13-Feb-15,0,20000000
30-May-15,10,28-May-15,10-Feb-15,0,20000000
30-May-15,10,28-May-15,15-Dec-14,1,5500000
30-May-15,10,28-May-15,10-Nov-14,1,5500000
30-May-15,10,28-May-15,08-Nov-14,10,1000
30-May-15,10,28-May-15,10-Jul-14,1,50000
30-May-15,10,28-May-15,17-Feb-14,0,10000000
30-May-15,10,28-May-15,04-Nov-13,6,146667
30-May-15,10,28-May-15,17-Oct-13,1,50000
30-May-15,10,28-May-15,14-Sep-13,10,1000
30-May-15,10,28-May-15,13-Jul-13,1,50000
30-May-15,10,28-May-15,12-Jul-13,1,50000
30-May-15,10,28-May-15,27-Jan-13,10,1000
30-May-15,10,28-May-15,09-Jul-12,1,50000000
30-May-15,10,28-May-15,13-Jun-11,1,500000
30-May-15,10,28-May-15,09-Mar-11,10,10000
30-May-15,10,28-May-15,07-Mar-11,1,523000
30-May-15,10,28-May-15,05-Mar-11,10,10000
30-May-15,10,28-May-15,19-Feb-07,0,50000
30-May-15,10,28-May-15,19-Feb-07,0,50000
30-May-15,11,28-May-15,26-Mar-14,2,25000000
30-May-15,11,28-May-15,07-Oct-13,10,1000
30-May-15,11,28-May-15,17-Sep-13,2,7000000
30-May-15,11,28-May-15,11-Sep-13,51,100000
30-May-15,11,28-May-15,07-Mar-13,5,100000
30-May-15,11,28-May-15,01-Mar-13,10,1000
30-May-15,11,28-May-15,20-Sep-12,10,10000
30-May-15,11,28-May-15,31-Jul-12,51,1
30-May-15,11,28-May-15,09-Jul-11,10,100000
30-May-15,11,28-May-15,24-Mar-11,51,200000000
30-May-15,11,28-May-15,18-Sep-10,10,50000
30-May-15,11,28-May-15,08-Sep-10,0,60000
30-May-15,11,28-May-15,04-Aug-10,1,1000000
30-May-15,11,28-May-15,23-Jul-10,10,50000
30-May-15,11,28-May-15,21-Jul-10,2,12000000
30-May-15,11,28-May-15,21-Jul-10,2,12000000
30-May-15,11,28-May-15,17-Jul-10,10,50000
30-May-15,11,28-May-15,07-Jun-10,2,12000000
30-May-15,11,28-May-15,22-Feb-10,1,300000
30-May-15,11,28-May-15,24-Jul-09,10,50000
30-May-15,11,28-May-15,05-Jun-09,0,10000000
30-May-15,11,28-May-15,18-May-09,10,300000
30-May-15,11,28-May-15,07-Oct-08,0,10000000
30-May-15,11,28-May-15,28-Nov-06,2,30
30-May-15,11,28-May-15,21-Sep-06,10,50000
30-May-15,12,28-May-15,20-Mar-15,51,1000000
30-May-15,12,28-May-15,29-Jan-15,1,2100000
30-May-15,12,28-May-15,13-Jan-15,51,5000000
30-May-15,12,28-May-15,27-Dec-14,51,3000000
30-May-15,12,28-May-15,28-Nov-14,10,10000
30-May-15,12,28-May-15,17-Oct-14,12,65000000
30-May-15,12,28-May-15,09-Oct-14,0,1
30-May-15,12,28-May-15,12-Sep-14,51,10000
30-May-15,12,28-May-15,05-Aug-14,10,10000
30-May-15,12,28-May-15,21-May-14,0,1
30-May-15,12,28-May-15,09-May-14,10,50000
30-May-15,12,28-May-15,07-Apr-14,10,50000
30-May-15,12,28-May-15,02-Apr-14,10,10000
30-May-15,12,28-May-15,17-Jan-14,0,200000000
30-May-15,12,28-May-15,02-Jan-14,51,200000000
30-May-15,12,28-May-15,09-Dec-13,51,10000
30-May-15,12,28-May-15,04-Oct-13,2,7486960
30-May-15,12,28-May-15,29-Aug-13,2,8000000
30-May-15,12,28-May-15,19-Aug-13,51,100000000
30-May-15,12,28-May-15,21-Jan-13,51,100000000
30-May-15,12,28-May-15,14-Dec-12,0,1000
30-May-15,12,28-May-15,24-Sep-12,0,200000000
30-May-15,12,28-May-15,09-Nov-11,10,100000
30-May-15,12,28-May-15,25-Mar-11,12,1000
30-May-15,12,28-May-15,25-Mar-11,3,1000
30-May-15,12,28-May-15,08-Aug-09,10,50000
01-Jun-15,13,01-Jun-15,06-Jan-15,10,50000
01-Jun-15,13,01-Jun-15,26-Jun-13,10,1
01-Jun-15,13,01-Jun-15,07-May-13,2,22000000
01-Jun-15,13,01-Jun-15,07-May-13,2,22000000
01-Jun-15,13,01-Jun-15,23-Apr-13,10,1
01-Jun-15,13,01-Jun-15,14-Sep-12,10,50000
01-Jun-15,13,01-Jun-15,11-Sep-12,10,50000
01-Jun-15,13,01-Jun-15,28-Sep-11,10,10000
01-Jun-15,13,01-Jun-15,07-May-10,2,1000000
01-Jun-15,13,01-Jun-15,06-May-10,2,1000000
01-Jun-15,13,01-Jun-15,06-May-10,2,1000000
01-Jun-15,13,01-Jun-15,21-Apr-10,2,1000000
01-Jun-15,13,01-Jun-15,19-Nov-09,10,100
01-Jun-15,13,01-Jun-15,27-Oct-09,10,100
01-Jun-15,13,01-Jun-15,22-Aug-09,10,100
01-Jun-15,13,01-Jun-15,05-Aug-09,10,50000
01-Jun-15,13,01-Jun-15,21-Apr-09,2,1800000
01-Jun-15,13,01-Jun-15,13-Mar-09,10,100
01-Jun-15,13,01-Jun-15,03-Dec-08,10,100
01-Jun-15,13,01-Jun-15,23-Apr-08,10,100
01-Jun-15,13,01-Jun-15,27-Dec-07,10,300000
01-Jun-15,13,01-Jun-15,24-Mar-07,10,300000
04-Jun-15,14,04-Jun-15,28-Nov-14,10,10000
04-Jun-15,14,04-Jun-15,18-Nov-14,10,15000
04-Jun-15,14,04-Jun-15,17-Nov-14,10,10000
04-Jun-15,14,04-Jun-15,17-Nov-14,10,10000
04-Jun-15,14,04-Jun-15,23-May-14,10,1000
04-Jun-15,14,04-Jun-15,29-Mar-14,10,50000
04-Jun-15,14,04-Jun-15,12-Sep-13,10,1000
04-Jun-15,14,04-Jun-15,26-Aug-13,10,10000
04-Jun-15,14,04-Jun-15,11-Jun-13,10,100000
04-Jun-15,14,04-Jun-15,12-Jan-13,10,1000
04-Jun-15,14,04-Jun-15,24-Dec-12,10,50000
04-Jun-15,14,04-Jun-15,28-Nov-12,10,10000
04-Jun-15,14,04-Jun-15,19-Oct-12,10,15000
04-Jun-15,14,04-Jun-15,11-Oct-12,10,1000
04-Jun-15,14,04-Jun-15,13-Sep-12,10,1000
04-Jun-15,14,04-Jun-15,04-Aug-12,1,1
04-Jun-15,14,04-Jun-15,12-Mar-12,10,150
04-Jun-15,14,04-Jun-15,07-Feb-12,10,1000
04-Jun-15,14,04-Jun-15,07-Jul-10,10,100000
04-Jun-15,14,04-Jun-15,24-Apr-10,10,50000
04-Jun-15,14,04-Jun-15,22-Sep-09,10,40000
04-Jun-15,14,04-Jun-15,25-Mar-09,10,40000
05-Jun-15,15,25-May-15,13-Sep-12,1,500000
05-Jun-15,15,25-May-15,13-Sep-12,1,500000
05-Jun-15,15,25-May-15,24-Jan-09,10,50000
05-Jun-15,15,25-May-15,15-Nov-08,10,50000
05-Jun-15,15,25-May-15,12-Jun-06,1,200000
05-Jun-15,15,25-May-15,12-Jun-06,1,200000
19-Jun-15,16,18-Jun-15,13-Apr-15,12,14000000
19-Jun-15,16,18-Jun-15,30-Dec-14,0,100000
19-Jun-15,16,18-Jun-15,21-Oct-14,51,5000000
19-Jun-15,16,18-Jun-15,22-Sep-14,1,7500000
19-Jun-15,16,18-Jun-15,09-Aug-14,51,70000
19-Jun-15,16,18-Jun-15,09-Aug-14,0,3000000
19-Jun-15,16,18-Jun-15,08-Aug-14,5,100000
19-Jun-15,16,18-Jun-15,07-Aug-14,51,2500000
19-Jun-15,16,18-Jun-15,07-Aug-14,5,2500000
19-Jun-15,16,18-Jun-15,05-Aug-14,51,1000000
19-Jun-15,16,18-Jun-15,14-Dec-13,12,2500000
19-Jun-15,16,18-Jun-15,03-Dec-13,0,5000
19-Jun-15,16,18-Jun-15,26-Nov-13,52,5000000
19-Jun-15,16,18-Jun-15,25-Nov-13,51,2500000
19-Jun-15,16,18-Jun-15,23-Oct-13,54,150000000
19-Jun-15,16,18-Jun-15,09-Oct-13,51,3500000
19-Jun-15,16,18-Jun-15,09-Oct-13,51,3500000
19-Jun-15,16,18-Jun-15,07-Oct-13,12,2500000
19-Jun-15,16,18-Jun-15,30-Sep-13,0,5000000
19-Jun-15,16,18-Jun-15,11-Sep-13,0,5000000
19-Jun-15,16,18-Jun-15,05-Sep-13,51,2000000
19-Jun-15,16,18-Jun-15,05-Sep-13,51,2000000
19-Jun-15,16,18-Jun-15,29-Aug-13,0,3500000
19-Jun-15,16,18-Jun-15,28-Aug-13,1,1
19-Jun-15,16,18-Jun-15,27-Aug-13,51,5000000
19-Jun-15,16,18-Jun-15,19-Jun-13,3,1000000
19-Jun-15,16,18-Jun-15,24-May-13,2,4000000
19-Jun-15,16,18-Jun-15,23-May-13,2,4000000
19-Jun-15,16,18-Jun-15,20-Mar-13,12,10000000
19-Jun-15,16,18-Jun-15,12-Mar-13,51,2000000
19-Jun-15,16,18-Jun-15,27-Feb-13,12,15000000
19-Jun-15,16,18-Jun-15,25-Feb-13,2,22500000
19-Jun-15,16,18-Jun-15,28-Jan-13,0,2500000
19-Jun-15,16,18-Jun-15,23-Jan-13,2,22500000
19-Jun-15,16,18-Jun-15,19-Jan-13,5,3500000
19-Jun-15,16,18-Jun-15,16-Jan-13,51,2000000
19-Jun-15,16,18-Jun-15,15-Jan-13,51,1500000
19-Jun-15,16,18-Jun-15,15-Jan-13,51,2500000
19-Jun-15,16,18-Jun-15,13-Jun-12,12,1500000
19-Jun-15,16,18-Jun-15,10-May-12,51,1000000
19-Jun-15,16,18-Jun-15,02-May-12,0,60000
19-Jun-15,16,18-Jun-15,05-Nov-11,51,100000
19-Jun-15,16,18-Jun-15,15-Nov-08,2,3493914
19-Jun-15,16,18-Jun-15,19-Jun-07,1,1000000
30-Jun-15,17,29-Jun-15,19-Jun-15,0,1000
30-Jun-15,17,29-Jun-15,20-May-15,51,247400000
30-Jun-15,17,29-Jun-15,11-May-15,10,120000
30-Jun-15,17,29-Jun-15,27-Apr-15,10,10000
30-Jun-15,17,29-Jun-15,13-Mar-15,53,200000
30-Jun-15,17,29-Jun-15,26-Feb-15,51,170000000
30-Jun-15,17,29-Jun-15,10-Jan-15,53,50000000
30-Jun-15,17,29-Jun-15,08-Aug-14,51,750000000
30-Jun-15,17,29-Jun-15,26-Jun-14,51,10000000
30-Jun-15,17,29-Jun-15,23-Apr-14,51,420000000
30-Jun-15,17,29-Jun-15,13-Mar-14,0,100000
30-Jun-15,17,29-Jun-15,25-Feb-14,55,200000000
30-Jun-15,17,29-Jun-15,22-Mar-13,0,181300000
30-Jun-15,17,29-Jun-15,02-Jan-13,51,420000000
30-Jun-15,17,29-Jun-15,30-Dec-12,53,240000000
30-Jun-15,17,29-Jun-15,07-Dec-12,57,2500000
30-Jun-15,17,29-Jun-15,23-Nov-12,51,100000
30-Jun-15,17,29-Jun-15,23-Nov-12,51,420000000
30-Jun-15,17,29-Jun-15,01-Nov-12,51,420000000
30-Jun-15,17,29-Jun-15,01-Oct-12,51,440000000
30-Jun-15,17,29-Jun-15,12-Sep-12,53,100000000
30-Jun-15,17,29-Jun-15,11-Sep-12,0,800000000
30-Jun-15,17,29-Jun-15,06-Sep-12,0,440000000
30-Jun-15,17,29-Jun-15,27-Jul-12,51,440000000
30-Jun-15,17,29-Jun-15,04-Jul-12,0,10000000
30-Jun-15,17,29-Jun-15,04-Jun-12,0,75000
30-Jun-15,17,29-Jun-15,28-Feb-12,51,100000000
30-Jun-15,17,29-Jun-15,12-Jul-11,55,10000000
30-Jun-15,17,29-Jun-15,20-Jul-09,10,50000
30-Jun-15,17,29-Jun-15,03-Dec-07,10,15000
30-Jun-15,17,29-Jun-15,15-Jun-07,10,100000000
30-Jun-15,17,29-Jun-15,05-Jun-07,3,10000000
30-Jun-15,17,29-Jun-15,11-Apr-07,10,50000
30-Jun-15,17,29-Jun-15,09-Feb-07,10,50000
30-Jun-15,17,29-Jun-15,23-Jan-07,10,50000
02-Jul-15,18,02-Jul-15,19-Oct-13,10,1000
02-Jul-15,18,02-Jul-15,14-Jan-13,10,100000
02-Jul-15,18,02-Jul-15,11-Oct-11,10,100000
02-Jul-15,18,02-Jul-15,10-Dec-10,2,5973990
02-Jul-15,18,02-Jul-15,21-Sep-10,1,1700000
02-Jul-15,18,02-Jul-15,20-Jul-10,10,1000
02-Jul-15,18,02-Jul-15,11-Dec-06,10,25000
02-Jul-15,18,02-Jul-15,11-Dec-06,10,25000
02-Jul-15,18,02-Jul-15,11-Dec-06,10,25000
06-Jul-15,19,06-Jul-15,10-Apr-15,10,1000
06-Jul-15,19,06-Jul-15,08-Apr-15,0,1000
06-Jul-15,19,06-Jul-15,29-Nov-12,10,1000
06-Jul-15,19,06-Jul-15,10-Aug-09,10,50000
06-Jul-15,19,06-Jul-15,30-May-09,10,100
06-Jul-15,19,06-Jul-15,17-Feb-09,10,1000
06-Jul-15,19,06-Jul-15,27-Jun-08,10,100
06-Jul-15,19,06-Jul-15,05-Dec-07,10,50000
06-Jul-15,19,06-Jul-15,24-Aug-07,10,50000
06-Jul-15,19,06-Jul-15,09-Jul-07,10,100
06-Jul-15,20,06-Jul-15,21-Oct-14,1,549000
06-Jul-15,20,06-Jul-15,30-Sep-14,1,549000
06-Jul-15,20,06-Jul-15,29-Sep-14,1,1352000
06-Jul-15,20,06-Jul-15,29-Sep-14,1,1352000
06-Jul-15,20,06-Jul-15,29-Sep-14,1,600000
06-Jul-15,20,06-Jul-15,06-Feb-14,10,1000
06-Jul-15,20,06-Jul-15,06-Feb-14,10,1000
06-Jul-15,20,06-Jul-15,22-Jan-14,10,1000
06-Jul-15,20,06-Jul-15,19-Sep-13,10,1000
06-Jul-15,20,06-Jul-15,19-Jul-13,10,1000
06-Jul-15,20,06-Jul-15,08-Dec-12,12,10000000
06-Jul-15,20,06-Jul-15,23-Nov-12,2,75000000
06-Jul-15,20,06-Jul-15,01-Nov-12,6,47000000
06-Jul-15,20,06-Jul-15,18-Oct-12,10,50000
06-Jul-15,20,06-Jul-15,15-Sep-12,10,1000
06-Jul-15,20,06-Jul-15,03-Aug-12,51,5000000
06-Jul-15,20,06-Jul-15,16-May-12,51,2500000
06-Jul-15,20,06-Jul-15,14-May-12,5,2500000
06-Jul-15,20,06-Jul-15,05-May-12,51,1500000
06-Jul-15,20,06-Jul-15,28-Apr-12,51,5000000
06-Jul-15,20,06-Jul-15,26-Apr-12,51,2500000
06-Jul-15,20,06-Jul-15,25-Apr-12,51,1000000
06-Jul-15,20,06-Jul-15,19-Apr-12,51,5000000
06-Jul-15,20,06-Jul-15,22-Jul-11,51,47000000
06-Jul-15,20,06-Jul-15,18-Oct-10,3,200000000
06-Jul-15,20,06-Jul-15,23-Sep-09,0,330000000
06-Jul-15,20,06-Jul-15,20-Apr-09,1,520000
06-Jul-15,20,06-Jul-15,14-Nov-08,1,900000
06-Jul-15,20,06-Jul-15,07-Oct-08,1,900000
06-Jul-15,20,06-Jul-15,01-Sep-07,10,25000
22-Jul-15,21,29-Jun-15,12-Sep-13,10,1000
22-Jul-15,21,29-Jun-15,04-May-12,6,97500000
22-Jul-15,21,29-Jun-15,19-Apr-12,51,97500000
22-Jul-15,21,29-Jun-15,07-Apr-11,10,100000
22-Jul-15,21,29-Jun-15,27-Apr-10,0,100000000
22-Jul-15,21,29-Jun-15,27-Apr-10,0,100000000
22-Jul-15,21,29-Jun-15,19-Oct-07,10,50000
22-Jul-15,21,29-Jun-15,26-Aug-07,10,100000
22-Jul-15,21,29-Jun-15,27-Apr-06,2,300000
22-Jul-15,22,,,,
22-Jul-15,23,06-Jul-15,18-Nov-14,2,3000000
22-Jul-15,23,06-Jul-15,01-Oct-14,12,250000000
22-Jul-15,23,06-Jul-15,20-Aug-14,51,1000000
22-Jul-15,23,06-Jul-15,20-Mar-14,51,100000000
22-Jul-15,23,06-Jul-15,25-Feb-14,51,1000000
22-Jul-15,23,06-Jul-15,09-Nov-13,0,100000
22-Jul-15,23,06-Jul-15,23-Jul-13,0,10000000
22-Jul-15,23,06-Jul-15,17-Apr-13,51,500000000
22-Jul-15,23,06-Jul-15,13-Apr-13,51,100000
22-Jul-15,23,06-Jul-15,13-Feb-13,51,150000000
22-Jul-15,23,06-Jul-15,04-Feb-13,0,10000000
22-Jul-15,23,06-Jul-15,21-Dec-12,54,500000000
22-Jul-15,23,06-Jul-15,31-Jan-12,6,100000
22-Jul-15,23,06-Jul-15,05-Feb-11,2,30000000
22-Jul-15,23,06-Jul-15,23-Jun-10,1,437000
22-Jul-15,23,06-Jul-15,23-Jun-10,1,428000
22-Jul-15,23,06-Jul-15,23-Jun-10,1,510000
22-Jul-15,23,06-Jul-15,06-Apr-10,1,450000
22-Jul-15,23,06-Jul-15,06-Apr-10,1,450000
22-Jul-15,23,06-Jul-15,06-Apr-10,1,450000
22-Jul-15,23,06-Jul-15,06-Apr-10,1,520000
27-Jul-15,24,27-Jul-15,25-May-15,1,1400000
27-Jul-15,24,27-Jul-15,02-Apr-14,0,100000
27-Jul-15,24,27-Jul-15,08-May-13,0,60000
27-Jul-15,24,27-Jul-15,07-Mar-13,10,1000
27-Jul-15,24,27-Jul-15,05-Mar-13,10,1000
27-Jul-15,24,27-Jul-15,13-Feb-13,1,556000
27-Jul-15,24,27-Jul-15,25-Jun-09,1,500000
27-Jul-15,24,27-Jul-15,23-Dec-08,0,60000
27-Jul-15,24,27-Jul-15,02-Apr-08,0,657000
27-Jul-15,24,27-Jul-15,27-Jun-07,10,10000
27-Jul-15,24,27-Jul-15,17-Feb-07,5,500000
27-Jul-15,24,27-Jul-15,28-Jul-06,0,100000
27-Jul-15,24,27-Jul-15,30-Dec-05,2,800000
29-Jul-15,25,30-Jul-15,10-Mar-14,0,1000
29-Jul-15,25,30-Jul-15,09-Mar-13,0,1000
29-Jul-15,25,30-Jul-15,26-Feb-13,0,1000
29-Jul-15,25,30-Jul-15,25-Oct-12,0,1000
29-Jul-15,25,30-Jul-15,22-Apr-10,0,60000
29-Jul-15,25,30-Jul-15,22-Apr-10,0,60000
31-Jul-15,26,05-Aug-15,29-Jul-15,0,1000
31-Jul-15,26,05-Aug-15,06-Feb-13,10,1000
05-Aug-15,27,23-Jul-15,05-Jun-15,5,100000
05-Aug-15,27,23-Jul-15,14-Feb-15,51,3500000
05-Aug-15,27,23-Jul-15,27-Oct-14,12,1000000
05-Aug-15,28,05-Aug-15,04-Jun-15,10,10000
05-Aug-15,28,05-Aug-15,30-Apr-14,10,1000
05-Aug-15,28,05-Aug-15,04-Mar-14,10,50000
05-Aug-15,28,05-Aug-15,30-Jan-14,10,50000
05-Aug-15,28,05-Aug-15,10-Jan-14,1,3500000
05-Aug-15,28,05-Aug-15,11-Mar-13,0,3000000
05-Aug-15,28,05-Aug-15,28-Feb-13,3,3000000
05-Aug-15,28,05-Aug-15,23-Jan-13,51,1500000
05-Aug-15,28,05-Aug-15,17-Oct-12,1,800000
05-Aug-15,28,05-Aug-15,26-Jun-12,10,50000
05-Aug-15,28,05-Aug-15,31-Mar-12,1,1159000
05-Aug-15,28,05-Aug-15,14-Nov-11,3,3000000
05-Aug-15,28,05-Aug-15,21-Jun-11,1,875000
05-Aug-15,28,05-Aug-15,17-Feb-11,10,1000
05-Aug-15,28,05-Aug-15,01-Oct-10,10,1000
05-Aug-15,28,05-Aug-15,29-Aug-10,1,1100000
05-Aug-15,28,05-Aug-15,23-Jun-10,10,1000
05-Aug-15,28,05-Aug-15,02-Jun-10,10,50000
05-Aug-15,28,05-Aug-15,04-Mar-10,10,50000
05-Aug-15,28,05-Aug-15,26-Feb-10,10,1000
05-Aug-15,28,05-Aug-15,12-Aug-09,10,50000
05-Aug-15,28,05-Aug-15,23-Jan-08,10,50000
07-Aug-15,29,05-Aug-15,30-Apr-14,10,1000
07-Aug-15,29,05-Aug-15,11-Mar-13,0,3000000
07-Aug-15,29,05-Aug-15,28-Feb-13,3,3000000
07-Aug-15,29,05-Aug-15,23-Jan-13,51,1500000
07-Aug-15,29,05-Aug-15,14-Nov-11,3,3000000
07-Aug-15,29,05-Aug-15,06-Sep-11,1,280000
07-Aug-15,29,05-Aug-15,06-Jul-11,1,280000
07-Aug-15,29,05-Aug-15,11-Feb-11,10,1000
07-Aug-15,29,05-Aug-15,10-Jul-09,10,15000
11-Aug-15,30,27-Jul-15,08-Feb-13,0,100000
11-Aug-15,30,27-Jul-15,05-Dec-12,0,100000
11-Aug-15,30,27-Jul-15,25-Oct-11,1,675000
11-Aug-15,31,10-Aug-15,28-Oct-14,0,100
11-Aug-15,31,10-Aug-15,03-Apr-14,51,9000000
11-Aug-15,31,10-Aug-15,15-Oct-13,53,1000000
11-Aug-15,31,10-Aug-15,03-Dec-12,1,1000000
11-Aug-15,31,10-Aug-15,11-Jul-11,10,1000
11-Aug-15,31,10-Aug-15,23-Nov-10,51,3500000
11-Aug-15,31,10-Aug-15,25-Feb-10,1,600000
11-Aug-15,31,10-Aug-15,04-Sep-08,10,15000
11-Aug-15,31,10-Aug-15,10-Nov-06,10,15000
11-Aug-15,31,10-Aug-15,26-Aug-06,10,15000
11-Aug-15,31,10-Aug-15,20-Mar-06,10,50000
17-Jul-15,32,16-Jul-15,23-May-15,10,50000
17-Jul-15,32,16-Jul-15,22-Apr-15,10,10000
17-Jul-15,32,16-Jul-15,13-Apr-15,10,10000
17-Jul-15,32,16-Jul-15,03-Apr-15,10,50000
17-Jul-15,32,16-Jul-15,30-Mar-15,10,1000
22-Aug-15,33,20-Aug-15,25-Jul-12,10,100000
22-Aug-15,33,20-Aug-15,23-Sep-11,10,100000
22-Aug-15,33,20-Aug-15,18-Dec-07,10,50000
22-Aug-15,33,20-Aug-15,29-Jan-07,0,50000
22-Aug-15,33,20-Aug-15,30-Mar-06,2,4700000
26-Aug-15,34,27-Aug-15,13-Apr-15,0,10000000
26-Aug-15,34,27-Aug-15,11-Mar-14,0,100000
26-Aug-15,34,27-Aug-15,20-Mar-13,1,2000000
26-Aug-15,34,27-Aug-15,10-Feb-11,10,100000
26-Aug-15,34,27-Aug-15,26-Mar-08,10,50000
26-Aug-15,34,27-Aug-15,26-Mar-08,10,50000
26-Aug-15,34,27-Aug-15,26-Mar-08,10,50000
26-Aug-15,34,27-Aug-15,26-Mar-08,10,50000
26-Aug-15,34,27-Aug-15,25-Mar-08,10,50000
26-Aug-15,34,27-Aug-15,27-Nov-07,10,50000
28-Aug-15,35,27-Aug-15,20-Aug-15,0,1000
28-Aug-15,35,27-Aug-15,16-Apr-15,12,1000000
28-Aug-15,35,27-Aug-15,24-Jan-15,10,10000
28-Aug-15,35,27-Aug-15,10-Dec-14,1,500000
28-Aug-15,35,27-Aug-15,31-May-14,2,5000000
28-Aug-15,35,27-Aug-15,28-May-14,2,25000000
28-Aug-15,35,27-Aug-15,07-May-14,2,25000000
28-Aug-15,35,27-Aug-15,07-May-14,2,30000000
28-Aug-15,35,27-Aug-15,05-Mar-14,12,100000
28-Aug-15,35,27-Aug-15,18-Dec-13,10,15000
28-Aug-15,35,27-Aug-15,06-Aug-13,2,30000000
28-Aug-15,36,27-Aug-15,17-Feb-14,12,10000000
28-Aug-15,36,27-Aug-15,29-Mar-12,0,1000
28-Aug-15,36,27-Aug-15,05-Dec-07,10,50000
28-Aug-15,36,27-Aug-15,27-Nov-07,10,50000
28-Aug-15,36,27-Aug-15,13-Apr-07,2,10000000
28-Aug-15,36,27-Aug-15,26-Mar-07,0,50000
28-Aug-15,36,27-Aug-15,06-Feb-07,2,10000000
28-Aug-15,37,27-Aug-15,23-Feb-15,0,1000000
28-Aug-15,37,27-Aug-15,17-Feb-14,12,10000000
28-Aug-15,37,27-Aug-15,19-Jul-13,1,40000000
28-Aug-15,37,27-Aug-15,12-Mar-12,0,1000
28-Aug-15,37,27-Aug-15,17-Feb-11,0,1000
28-Aug-15,37,27-Aug-15,15-Oct-08,1,973000
28-Aug-15,37,27-Aug-15,13-Apr-07,2,10000000
28-Aug-15,37,27-Aug-15,26-Mar-07,0,50000
28-Aug-15,37,27-Aug-15,06-Feb-07,2,10000000
28-Aug-15,38,27-Aug-15,30-Apr-13,2,30000000
28-Aug-15,38,27-Aug-15,21-Mar-13,2,10000
29-Aug-15,39,26-Aug-15,21-Dec-13,10,10000
29-Aug-15,39,26-Aug-15,21-Mar-13,10,1000
29-Aug-15,39,26-Aug-15,04-Jun-12,10,50000
29-Aug-15,39,26-Aug-15,18-Feb-10,4,1
29-Aug-15,39,26-Aug-15,22-Sep-09,10,1000
29-Aug-15,39,26-Aug-15,23-Jul-08,10,10000
29-Aug-15,39,26-Aug-15,12-Jun-08,2,12000000
29-Aug-15,39,26-Aug-15,03-Aug-07,2,1500000
29-Aug-15,39,26-Aug-15,23-Aug-06,2,500000
29-Aug-15,39,26-Aug-15,09-Mar-06,10,300000
29-Aug-15,40,27-Aug-15,21-Apr-15,10,1000
29-Aug-15,40,27-Aug-15,22-Dec-09,10,25000
29-Aug-15,40,27-Aug-15,24-Apr-08,10,50000
29-Aug-15,40,27-Aug-15,07-Dec-07,10,100000
29-Aug-15,40,27-Aug-15,07-Dec-07,10,100000
29-Aug-15,41,31-Aug-15,24-Dec-12,10,50000
29-Aug-15,41,31-Aug-15,21-Mar-12,10,50000
29-Aug-15,41,31-Aug-15,17-Feb-10,10,100
29-Aug-15,41,31-Aug-15,27-Oct-09,10,100
29-Aug-15,41,31-Aug-15,23-Jun-09,10,50000
29-Aug-15,41,31-Aug-15,27-Mar-08,0,1000000
09-Sep-15,42,04-Sep-15,23-May-15,52,1500000
09-Sep-15,42,04-Sep-15,21-Aug-13,1,5400000
09-Sep-15,42,04-Sep-15,29-Jan-13,54,9200000
09-Sep-15,42,04-Sep-15,22-Oct-12,52,9200000
09-Sep-15,42,04-Sep-15,22-Oct-12,52,92000000
10-Sep-15,43,10-Sep-15,21-Aug-15,10,10000
10-Sep-15,43,10-Sep-15,24-Jun-15,51,20000000
10-Sep-15,43,10-Sep-15,22-Apr-15,1,400000
10-Sep-15,43,10-Sep-15,17-Mar-15,0,200000
10-Sep-15,43,10-Sep-15,09-Mar-15,6,150000
10-Sep-15,43,10-Sep-15,25-Feb-15,7,3500000
10-Sep-15,43,10-Sep-15,24-Feb-15,7,700000
10-Sep-15,43,10-Sep-15,24-Feb-15,7,3500000
10-Sep-15,43,10-Sep-15,14-Feb-15,51,12000000
10-Sep-15,43,10-Sep-15,05-Feb-15,0,10000000
10-Sep-15,43,10-Sep-15,04-Feb-15,10,15000
10-Sep-15,43,10-Sep-15,03-Feb-15,0,10000000
10-Sep-15,43,10-Sep-15,02-Feb-15,1,1000000
10-Sep-15,43,10-Sep-15,31-Jan-15,7,3500000
10-Sep-15,43,10-Sep-15,05-Jan-15,10,10000
10-Sep-15,43,10-Sep-15,31-Dec-14,10,1000
10-Sep-15,43,10-Sep-15,27-Dec-14,0,1000000
10-Sep-15,43,10-Sep-15,16-Dec-14,10,1000
10-Sep-15,43,10-Sep-15,09-Dec-14,5,1000000
10-Sep-15,43,10-Sep-15,03-Dec-14,5,1000000
10-Sep-15,43,10-Sep-15,25-Nov-14,12,12500000
10-Sep-15,43,10-Sep-15,18-Nov-14,0,400000
10-Sep-15,43,10-Sep-15,15-Nov-14,0,400000
10-Sep-15,43,10-Sep-15,15-Nov-14,0,400000
10-Sep-15,43,10-Sep-15,03-Nov-14,51,150000000
10-Sep-15,43,10-Sep-15,09-May-14,1,1
10-Sep-15,43,10-Sep-15,22-Feb-14,10,10000
10-Sep-15,43,10-Sep-15,19-Feb-14,10,1000
10-Sep-15,43,10-Sep-15,14-Feb-14,1,1
10-Sep-15,43,10-Sep-15,07-Feb-14,0,1
10-Sep-15,43,10-Sep-15,07-Feb-14,0,1
10-Sep-15,43,10-Sep-15,24-Dec-13,0,10000
10-Sep-15,43,10-Sep-15,13-Nov-13,1,1
10-Sep-15,43,10-Sep-15,08-Oct-13,1,4548000
10-Sep-15,43,10-Sep-15,07-Oct-13,1,4780000
10-Sep-15,43,10-Sep-15,05-Oct-13,1,4780000
10-Sep-15,43,10-Sep-15,30-Sep-13,1,3850000
10-Sep-15,43,10-Sep-15,28-Sep-13,1,3850000
10-Sep-15,43,10-Sep-15,27-Sep-13,1,3850000
10-Sep-15,43,10-Sep-15,26-Sep-13,32,4500000
10-Sep-15,43,10-Sep-15,25-Sep-13,1,1
10-Sep-15,43,10-Sep-15,25-Sep-13,1,1
10-Sep-15,43,10-Sep-15,14-Aug-13,10,10000
10-Sep-15,43,10-Sep-15,18-Apr-13,10,1000
10-Sep-15,43,10-Sep-15,16-Apr-13,10,1000
10-Sep-15,43,10-Sep-15,29-Mar-13,10,10000
10-Sep-15,43,10-Sep-15,22-Jan-13,1,2200000
10-Sep-15,43,10-Sep-15,07-Dec-12,51,30000000
10-Sep-15,43,10-Sep-15,30-Nov-12,1,50000
10-Sep-15,43,10-Sep-15,27-Oct-12,10,50000
10-Sep-15,43,10-Sep-15,17-Oct-12,10,50000
10-Sep-15,43,10-Sep-15,16-Oct-12,10,50000
10-Sep-15,43,10-Sep-15,06-Oct-12,10,10000
10-Sep-15,43,10-Sep-15,24-Sep-12,3,15000000
10-Sep-15,43,10-Sep-15,24-Sep-12,3,15000000
10-Sep-15,43,10-Sep-15,10-Sep-12,10,1000
10-Sep-15,43,10-Sep-15,23-Jul-12,51,1700000
10-Sep-15,43,10-Sep-15,23-Jul-12,51,1700000
10-Sep-15,43,10-Sep-15,19-Mar-12,5,25000000
10-Sep-15,43,10-Sep-15,06-Mar-12,10,1000
10-Sep-15,43,10-Sep-15,02-Mar-12,0,100000
10-Sep-15,43,10-Sep-15,24-Feb-12,0,10000000
10-Sep-15,43,10-Sep-15,11-Jan-12,10,1000
10-Sep-15,43,10-Sep-15,14-Dec-11,10,1000
10-Sep-15,43,10-Sep-15,04-Nov-11,5,1
10-Sep-15,43,10-Sep-15,25-Oct-11,0,1
10-Sep-15,43,10-Sep-15,12-Aug-11,10,1000
10-Sep-15,43,10-Sep-15,04-Jul-11,5,1
10-Sep-15,43,10-Sep-15,30-Jun-11,0,828000
10-Sep-15,43,10-Sep-15,30-Jun-11,0,828000
10-Sep-15,43,10-Sep-15,30-Jun-11,0,1510000
10-Sep-15,43,10-Sep-15,29-Jun-11,1,1800000
10-Sep-15,43,10-Sep-15,08-Jun-11,0,50000000
10-Sep-15,43,10-Sep-15,31-May-11,1,1600000
10-Sep-15,43,10-Sep-15,30-May-11,0,2000000
10-Sep-15,43,10-Sep-15,30-May-11,0,2000000
10-Sep-15,43,10-Sep-15,30-May-11,0,2000000
10-Sep-15,43,10-Sep-15,28-May-11,0,2000000
10-Sep-15,43,10-Sep-15,05-May-11,0,10000000
10-Sep-15,43,10-Sep-15,26-Apr-11,51,47500000
10-Sep-15,43,10-Sep-15,20-Apr-11,1,2550000
10-Sep-15,43,10-Sep-15,21-Mar-11,0,5000000
10-Sep-15,43,10-Sep-15,12-Mar-11,1,10000000
10-Sep-15,43,10-Sep-15,07-Mar-11,1,9500000
10-Sep-15,43,10-Sep-15,26-Feb-11,0,6200000
10-Sep-15,43,10-Sep-15,25-Feb-11,10,50000
10-Sep-15,43,10-Sep-15,22-Feb-11,0,1700000
10-Sep-15,43,10-Sep-15,18-Feb-11,1,2600000
10-Sep-15,43,10-Sep-15,11-Feb-11,10,1000
10-Sep-15,43,10-Sep-15,04-Feb-11,10,40000
10-Sep-15,43,10-Sep-15,30-Jan-11,0,6000000
10-Sep-15,43,10-Sep-15,05-Jan-11,5,1
10-Sep-15,43,10-Sep-15,31-Oct-10,0,4000000
10-Sep-15,43,10-Sep-15,28-Oct-10,1,4000000
10-Sep-15,43,10-Sep-15,18-Oct-10,1,4000000
10-Sep-15,43,10-Sep-15,11-Oct-10,1,4500000
10-Sep-15,43,10-Sep-15,24-Sep-10,1,4000000
10-Sep-15,43,10-Sep-15,15-Sep-10,1,800000
10-Sep-15,43,10-Sep-15,11-Aug-10,1,925000
10-Sep-15,43,10-Sep-15,11-Aug-10,1,925000
10-Sep-15,43,10-Sep-15,11-Aug-10,1,1730000
10-Sep-15,43,10-Sep-15,29-Jul-10,1,1820000
10-Sep-15,43,10-Sep-15,14-Jul-10,0,1
10-Sep-15,43,10-Sep-15,27-Mar-10,1,4000000
10-Sep-15,43,10-Sep-15,15-Mar-10,0,1
10-Sep-15,43,10-Sep-15,10-Mar-10,10,40000
10-Sep-15,43,10-Sep-15,05-Jan-10,1,2600000
10-Sep-15,43,10-Sep-15,30-Dec-09,1,3800000
10-Sep-15,43,10-Sep-15,22-Dec-09,1,2500000
10-Sep-15,43,10-Sep-15,29-Nov-09,1,2400000
10-Sep-15,43,10-Sep-15,24-Nov-09,1,2500000
14-Sep-15,44,17-Sep-15,10-Sep-15,10,1000
14-Sep-15,44,17-Sep-15,07-Sep-15,10,50000
14-Sep-15,44,17-Sep-15,04-Aug-14,1,50000
14-Sep-15,44,17-Sep-15,21-Feb-14,2,10000000
14-Sep-15,44,17-Sep-15,22-Jan-14,0,60000
14-Sep-15,44,17-Sep-15,11-Oct-13,2,200000000
14-Sep-15,44,17-Sep-15,11-Oct-13,2,200000000
14-Sep-15,44,17-Sep-15,04-Oct-13,2,5135398
14-Sep-15,44,17-Sep-15,02-Sep-13,2,19000000
14-Sep-15,44,17-Sep-15,29-Apr-13,2,20000000
14-Sep-15,44,17-Sep-15,25-Apr-13,2,23500000
14-Sep-15,44,17-Sep-15,20-Oct-11,2,35000000
14-Sep-15,44,17-Sep-15,09-May-11,10,50000
14-Sep-15,44,17-Sep-15,04-Mar-11,10,50000
14-Sep-15,44,17-Sep-15,12-Jan-11,10,50000
14-Sep-15,44,17-Sep-15,06-Sep-10,10,50000
14-Sep-15,44,17-Sep-15,19-Nov-09,2,6218967
14-Sep-15,44,17-Sep-15,06-Jun-09,10,1000
14-Sep-15,44,17-Sep-15,02-Jun-09,0,60000
14-Sep-15,44,17-Sep-15,06-May-09,2,5135398
14-Sep-15,44,17-Sep-15,20-Aug-08,0,10
14-Sep-15,44,17-Sep-15,16-Aug-08,0,60000
14-Sep-15,44,17-Sep-15,10-Sep-07,2,9000000
14-Sep-15,44,17-Sep-15,25-Aug-07,2,10000000
14-Sep-15,44,17-Sep-15,12-Apr-07,4,1000000
15-Sep-15,45,23-Jul-15,20-Jun-15,2,1000
15-Sep-15,45,23-Jul-15,17-Dec-14,51,10000000
15-Sep-15,45,23-Jul-15,12-Feb-14,10,1000
15-Sep-15,45,23-Jul-15,23-May-13,2,5000000
15-Sep-15,45,23-Jul-15,12-Feb-13,10,1000
15-Sep-15,45,23-Jul-15,24-Jul-12,10,1000
15-Sep-15,45,23-Jul-15,27-Feb-12,51,100000000
15-Sep-15,45,23-Jul-15,21-Feb-12,10,100000
15-Sep-15,45,23-Jul-15,14-Feb-12,10,150
15-Sep-15,45,23-Jul-15,14-Feb-12,10,150
15-Sep-15,45,23-Jul-15,31-Mar-11,2,2800000
15-Sep-15,45,23-Jul-15,14-Dec-10,2,500000
15-Sep-15,45,23-Jul-15,27-Mar-08,10,25000
15-Sep-15,45,23-Jul-15,17-Mar-08,10,10000
15-Sep-15,45,23-Jul-15,08-Jan-08,10,300000
15-Sep-15,45,23-Jul-15,10-Oct-07,2,32500000
15-Sep-15,45,23-Jul-15,08-Sep-06,10,50000
19-Sep-15,46,17-Sep-15,25-Apr-15,52,2000000
19-Sep-15,46,17-Sep-15,21-May-14,12,12500000
19-Sep-15,46,17-Sep-15,04-Jun-13,12,5000000
19-Sep-15,46,17-Sep-15,26-May-12,12,5000000
19-Sep-15,46,17-Sep-15,18-Oct-11,12,5000000
19-Sep-15,46,17-Sep-15,22-Sep-11,12,5000000
19-Sep-15,46,17-Sep-15,05-Sep-11,12,5000000
19-Sep-15,46,17-Sep-15,24-Nov-10,55,5000000
19-Sep-15,46,17-Sep-15,04-Aug-08,10,10000
19-Sep-15,46,17-Sep-15,10-Jul-08,10,10000
19-Sep-15,46,17-Sep-15,11-Dec-07,10,10000
19-Sep-15,46,17-Sep-15,26-May-07,10,50000
24-Sep-15,47,28-Sep-15,13-May-11,10,1000
24-Sep-15,47,28-Sep-15,02-Dec-10,10,50000
24-Sep-15,47,28-Sep-15,29-Mar-10,10,50000
05-Oct-15,48,26-Aug-15,27-Jul-15,10,1000
05-Oct-15,48,26-Aug-15,18-Jul-15,10,10000
05-Oct-15,48,26-Aug-15,06-Jul-15,10,10000
05-Oct-15,48,26-Aug-15,02-Jul-15,10,10000
05-Oct-15,48,26-Aug-15,13-Jun-15,3,26000000
05-Oct-15,48,26-Aug-15,05-Jun-15,5,8500000
05-Oct-15,48,26-Aug-15,30-May-15,10,1000
05-Oct-15,48,26-Aug-15,26-May-15,5,2500000
05-Oct-15,48,26-Aug-15,22-May-15,10,15000
05-Oct-15,48,26-Aug-15,21-May-15,0,1000
05-Oct-15,48,26-Aug-15,20-May-15,10,50000
05-Oct-15,48,26-Aug-15,14-May-15,10,50000
05-Oct-15,48,26-Aug-15,07-May-15,5,228000
05-Oct-15,48,26-Aug-15,21-Apr-15,5,1
05-Oct-15,48,26-Aug-15,13-Oct-14,5,1100000
05-Oct-15,48,26-Aug-15,20-Sep-14,5,100000
05-Oct-15,48,26-Aug-15,28-Jul-14,5,200000
05-Oct-15,48,26-Aug-15,25-Jul-14,5,100000
05-Oct-15,48,26-Aug-15,22-Jul-14,5,1500000
05-Oct-15,48,26-Aug-15,21-Jul-14,10,1000
05-Oct-15,48,26-Aug-15,09-Jul-14,5,2000000
05-Oct-15,48,26-Aug-15,08-Jul-14,5,4000000
05-Oct-15,48,26-Aug-15,03-Jul-14,5,2000000
05-Oct-15,48,26-Aug-15,01-Jul-14,5,1
05-Oct-15,48,26-Aug-15,27-Jun-14,5,4000000
05-Oct-15,48,26-Aug-15,24-Jun-14,5,2000000
05-Oct-15,48,26-Aug-15,29-May-14,5,1200000
05-Oct-15,48,26-Aug-15,15-May-14,5,1
05-Oct-15,48,26-Aug-15,15-May-14,10,1000
05-Oct-15,48,26-Aug-15,02-May-14,5,2000000
05-Oct-15,48,26-Aug-15,08-Apr-14,5,187000
05-Oct-15,48,26-Aug-15,08-Apr-14,5,187000
05-Oct-15,48,26-Aug-15,25-Feb-14,5,100000
05-Oct-15,48,26-Aug-15,25-Feb-14,5,100000
05-Oct-15,48,26-Aug-15,11-Dec-13,6,10000
05-Oct-15,48,26-Aug-15,21-Oct-13,5,1
05-Oct-15,48,26-Aug-15,14-Oct-13,5,100000
05-Oct-15,48,26-Aug-15,23-Sep-13,10,10000
05-Oct-15,48,26-Aug-15,02-Aug-13,5,100000
05-Oct-15,48,26-Aug-15,16-Jul-13,6,10000
05-Oct-15,48,26-Aug-15,05-Jul-13,5,1500000
05-Oct-15,48,26-Aug-15,03-Jul-13,5,1500000
05-Oct-15,48,26-Aug-15,19-Jun-13,5,1
05-Oct-15,48,26-Aug-15,19-Jun-13,5,100000
05-Oct-15,48,26-Aug-15,18-Jun-13,5,1500000
05-Oct-15,48,26-Aug-15,17-Jun-13,5,1
05-Oct-15,48,26-Aug-15,12-Jun-13,5,10
05-Oct-15,48,26-Aug-15,10-Jun-13,10,50000
05-Oct-15,48,26-Aug-15,07-Jun-13,5,4000000
05-Oct-15,48,26-Aug-15,05-Jun-13,5,4000000
05-Oct-15,48,26-Aug-15,05-Jun-13,5,500000
05-Oct-15,48,26-Aug-15,30-May-13,5,100001
05-Oct-15,48,26-Aug-15,30-May-13,5,100000
05-Oct-15,48,26-Aug-15,29-May-13,5,300000
05-Oct-15,48,26-Aug-15,22-May-13,1,375000
05-Oct-15,48,26-Aug-15,20-May-13,1,375000
05-Oct-15,48,26-Aug-15,20-May-13,1,375000
05-Oct-15,48,26-Aug-15,13-May-13,5,100000
05-Oct-15,48,26-Aug-15,08-May-13,5,200000
05-Oct-15,48,26-Aug-15,08-May-13,5,1500001
05-Oct-15,48,26-Aug-15,08-May-13,5,1200000
05-Oct-15,48,26-Aug-15,26-Apr-13,5,1500000
05-Oct-15,48,26-Aug-15,29-Mar-13,6,10000
05-Oct-15,48,26-Aug-15,04-Mar-13,10,1000
05-Oct-15,48,26-Aug-15,26-Feb-13,5,2000000
05-Oct-15,48,26-Aug-15,22-Feb-13,5,1500000
05-Oct-15,48,26-Aug-15,15-Feb-13,5,10
05-Oct-15,48,26-Aug-15,05-Feb-13,5,100000
05-Oct-15,48,26-Aug-15,08-Nov-12,5,1000000
05-Oct-15,48,26-Aug-15,30-Aug-12,5,1000000
05-Oct-15,48,26-Aug-15,30-Aug-12,10,50000
05-Oct-15,48,26-Aug-15,27-Aug-12,10,1000
05-Oct-15,48,26-Aug-15,13-Aug-12,5,1
05-Oct-15,48,26-Aug-15,11-Aug-12,5,100000
05-Oct-15,48,26-Aug-15,06-Aug-12,5,1500000
05-Oct-15,48,26-Aug-15,06-Aug-12,5,100000
05-Oct-15,48,26-Aug-15,27-Jul-12,5,1500000
05-Oct-15,48,26-Aug-15,21-Jul-12,5,2000000
05-Oct-15,48,26-Aug-15,24-Apr-12,5,100000
05-Oct-15,48,26-Aug-15,15-Apr-11,13,35000
05-Oct-15,48,26-Aug-15,09-Mar-11,10,50000
05-Oct-15,48,26-Aug-15,04-Mar-11,10,1000
05-Oct-15,48,26-Aug-15,11-Oct-10,5,10000
05-Oct-15,48,26-Aug-15,30-Jun-10,1,460000
05-Oct-15,48,26-Aug-15,17-Jun-10,5,1500000
05-Oct-15,48,26-Aug-15,28-May-10,1,550000
05-Oct-15,48,26-Aug-15,18-May-10,10,1000
05-Oct-15,48,26-Aug-15,14-May-10,10,10000
05-Oct-15,48,26-Aug-15,08-Apr-10,5,10000
05-Oct-15,48,26-Aug-15,21-Oct-09,10,25000
05-Oct-15,48,26-Aug-15,11-Jul-09,5,300000
05-Oct-15,48,26-Aug-15,10-Jul-09,10,50000
05-Oct-15,48,26-Aug-15,23-Jun-09,5,1000000
05-Oct-15,48,26-Aug-15,29-May-09,5,100000
05-Oct-15,48,26-Aug-15,22-May-09,5,250000
05-Oct-15,48,26-Aug-15,18-May-09,5,100000
05-Oct-15,48,26-Aug-15,04-May-09,10,50000
05-Oct-15,48,26-Aug-15,15-Apr-09,5,100000
05-Oct-15,48,26-Aug-15,26-Mar-09,5,100000
05-Oct-15,48,26-Aug-15,26-Feb-09,10,50000
05-Oct-15,48,26-Aug-15,04-Feb-09,12,100000
05-Oct-15,48,26-Aug-15,02-Feb-09,10,100000
05-Oct-15,48,26-Aug-15,31-Dec-08,10,10000
05-Oct-15,48,26-Aug-15,10-Nov-08,10,100000
05-Oct-15,48,26-Aug-15,15-Oct-08,5,200000
05-Oct-15,48,26-Aug-15,26-Sep-08,10,10000
05-Oct-15,48,26-Aug-15,19-Sep-08,5,1000000
05-Oct-15,48,26-Aug-15,11-Sep-08,10,10000
05-Oct-15,48,26-Aug-15,28-May-08,1,500000
05-Oct-15,48,26-Aug-15,10-Mar-08,5,100000
05-Oct-15,48,26-Aug-15,06-Feb-08,5,100000
05-Oct-15,48,26-Aug-15,14-Jan-08,5,100000
05-Oct-15,48,26-Aug-15,12-Jan-08,10,100000
05-Oct-15,48,26-Aug-15,07-Jan-08,5,100000
05-Oct-15,48,26-Aug-15,12-Jun-07,10,10000
05-Oct-15,48,26-Aug-15,15-Jul-06,10,300000
05-Oct-15,48,26-Aug-15,29-May-06,5,100000
06-Oct-15,49,24-Sep-15,17-Sep-15,0,100
06-Oct-15,49,24-Sep-15,24-Aug-15,10,1000
06-Oct-15,49,24-Sep-15,25-Jun-15,0,1000
06-Oct-15,49,24-Sep-15,23-Feb-15,10,1000
06-Oct-15,49,24-Sep-15,18-Feb-15,5,100000
06-Oct-15,49,24-Sep-15,14-Feb-15,5,100000
06-Oct-15,49,24-Sep-15,27-Nov-14,1,475000
06-Oct-15,49,24-Sep-15,24-Nov-14,1,400000
06-Oct-15,49,24-Sep-15,30-Nov-12,5,400000
06-Oct-15,49,24-Sep-15,24-Feb-12,10,50000
06-Oct-15,49,24-Sep-15,01-Dec-11,10,1000
06-Oct-15,49,24-Sep-15,26-Oct-09,10,100000
06-Oct-15,49,24-Sep-15,01-Dec-08,1,260000
06-Oct-15,49,24-Sep-15,12-Jun-07,10,100000
06-Oct-15,50,28-Sep-15,13-Aug-15,0,100000000
06-Oct-15,50,28-Sep-15,18-Mar-15,0,1500000
06-Oct-15,50,28-Sep-15,18-Mar-15,0,1500000
06-Oct-15,50,28-Sep-15,08-Jan-15,0,300000000
06-Oct-15,50,28-Sep-15,14-Oct-14,51,1000
06-Oct-15,50,28-Sep-15,26-Sep-14,0,1000000
06-Oct-15,50,28-Sep-15,19-Mar-14,51,100000000
06-Oct-15,50,28-Sep-15,18-Jan-14,4,1
06-Oct-15,50,28-Sep-15,26-Dec-13,0,1
06-Oct-15,50,28-Sep-15,11-Dec-13,0,1
06-Oct-15,50,28-Sep-15,19-Nov-13,51,230000000
06-Oct-15,50,28-Sep-15,18-Nov-13,0,100000
06-Oct-15,50,28-Sep-15,23-Jul-13,0,1000
06-Oct-15,50,28-Sep-15,06-May-13,5,50000
06-Oct-15,50,28-Sep-15,18-Mar-13,0,100000
06-Oct-15,50,28-Sep-15,10-Jan-13,51,250000000
06-Oct-15,50,28-Sep-15,04-Jan-13,1,640000000
06-Oct-15,50,28-Sep-15,22-Dec-12,0,100000
06-Oct-15,50,28-Sep-15,11-Oct-12,0,100000
06-Oct-15,50,28-Sep-15,31-Aug-12,0,50000
06-Oct-15,50,28-Sep-15,03-Jul-12,51,10000000
06-Oct-15,50,28-Sep-15,10-Feb-12,6,50000
06-Oct-15,50,28-Sep-15,02-Feb-12,1,640000000
06-Oct-15,50,28-Sep-15,24-Dec-11,51,10000000
06-Oct-15,50,28-Sep-15,13-Dec-11,51,100000000
06-Oct-15,50,28-Sep-15,04-Dec-11,1,640000000
06-Oct-15,50,28-Sep-15,11-Jun-10,4,10000000
06-Oct-15,50,28-Sep-15,22-May-10,10,1000
06-Oct-15,50,28-Sep-15,01-Mar-10,1,200000000
06-Oct-15,50,28-Sep-15,30-Nov-09,4,20000000
06-Oct-15,50,28-Sep-15,18-Nov-08,10,50000
06-Oct-15,50,28-Sep-15,05-Dec-07,51,15200000
06-Oct-15,50,28-Sep-15,09-Nov-06,2,3000000
06-Oct-15,50,28-Sep-15,28-Oct-06,2,4600000
06-Oct-15,50,28-Sep-15,18-Oct-06,2,3125000
06-Oct-15,50,28-Sep-15,22-Sep-06,2,4750000
06-Oct-15,50,28-Sep-15,04-Jul-06,2,3000000
09-Oct-15,51,01-Oct-15,01-Sep-15,10,100
09-Oct-15,51,01-Oct-15,28-Jul-15,2,20000000
09-Oct-15,51,01-Oct-15,22-Jun-15,0,10000
09-Oct-15,51,01-Oct-15,21-May-15,2,1
09-Oct-15,51,01-Oct-15,07-May-15,10,50000
09-Oct-15,51,01-Oct-15,06-May-15,1,6600000
09-Oct-15,51,01-Oct-15,18-Apr-15,1,1260000
09-Oct-15,51,01-Oct-15,18-Mar-15,5,300000
09-Oct-15,51,01-Oct-15,12-Mar-15,10,15000
09-Oct-15,51,01-Oct-15,11-Nov-14,2,1
09-Oct-15,51,01-Oct-15,01-Oct-14,10,10000
09-Oct-15,51,01-Oct-15,29-Sep-14,0,1
09-Oct-15,51,01-Oct-15,25-Sep-14,0,1
09-Oct-15,51,01-Oct-15,22-Sep-14,0,2500000
09-Oct-15,51,01-Oct-15,20-May-14,10,100
09-Oct-15,51,01-Oct-15,30-Apr-14,1,1650000
09-Oct-15,51,01-Oct-15,26-Apr-14,1,1700000
09-Oct-15,51,01-Oct-15,19-Apr-14,10,1000
09-Oct-15,51,01-Oct-15,28-Mar-14,0,10000000
09-Oct-15,51,01-Oct-15,24-Mar-14,13,500000
09-Oct-15,51,01-Oct-15,15-Mar-14,51,40000000
09-Oct-15,51,01-Oct-15,05-Mar-14,1,500000
09-Oct-15,51,01-Oct-15,25-Feb-14,6,120601
09-Oct-15,51,01-Oct-15,11-Jan-14,2,1
09-Oct-15,51,01-Oct-15,31-Dec-13,2,1
09-Oct-15,51,01-Oct-15,31-Dec-13,2,10000000
09-Oct-15,51,01-Oct-15,30-Oct-13,5,900000
09-Oct-15,51,01-Oct-15,12-Aug-13,0,1000
09-Oct-15,51,01-Oct-15,15-Jul-13,0,2000000
09-Oct-15,51,01-Oct-15,29-Jun-13,51,50000000
09-Oct-15,51,01-Oct-15,04-Jun-13,10,10000
09-Oct-15,51,01-Oct-15,22-Apr-13,0,100000
09-Oct-15,51,01-Oct-15,16-Apr-13,10,1000
09-Oct-15,51,01-Oct-15,21-Mar-13,0,1000
09-Oct-15,51,01-Oct-15,12-Mar-13,10,1000
09-Oct-15,51,01-Oct-15,09-Mar-13,10,50000
09-Oct-15,51,01-Oct-15,21-Jan-13,1,1
09-Oct-15,51,01-Oct-15,30-Nov-12,10,10000
09-Oct-15,51,01-Oct-15,26-Nov-12,1,3990000
09-Oct-15,51,01-Oct-15,16-Nov-12,0,4000000
09-Oct-15,51,01-Oct-15,03-Nov-12,10,10000
09-Oct-15,51,01-Oct-15,10-Oct-12,51,100
09-Oct-15,51,01-Oct-15,09-Oct-12,2,1
09-Oct-15,51,01-Oct-15,06-Oct-12,10,50000
09-Oct-15,51,01-Oct-15,17-Sep-12,0,1000
09-Oct-15,51,01-Oct-15,26-May-12,51,5000000
09-Oct-15,51,01-Oct-15,23-May-12,10,10000
09-Oct-15,51,01-Oct-15,28-Apr-12,10,10000
09-Oct-15,51,01-Oct-15,06-Feb-12,0,100000
09-Oct-15,51,01-Oct-15,10-Dec-11,10,10000
09-Oct-15,51,01-Oct-15,15-Sep-11,51,5000000
09-Oct-15,51,01-Oct-15,06-Sep-11,0,10000
